,Account,Businees Unit,Currency,Year,Scenario,Jan,Feb,Mar,Apr,May,Jun,Jul,Aug,Sep,Oct,Nov,Dec,Total
0,Sales,Software,USD,2012,Actuals,90924002,82606134,72780220,52943701,77528109,96384524,77345061,98290873,79879127,95373403,54887908,82703597,961646659
1,Cost of Goods Sold,Software,USD,2012,Actuals,41623278,40464347,30806326,21412962,37047252,44819597,34847393,47903350,35880653,44982115,26929424,34233473,440950170
2,Commissions Expense,Software,USD,2012,Actuals,4454359,3386032,3389705,2149257,3168079,4417624,3386461,4052846,3418737,4365527,2455561,3646726,42290914
3,Payroll Expense,Software,USD,2012,Actuals,9901680,9871172,8459696,6303408,8493573,11082494,8081033,11070018,8410665,10081727,6300578,9099438,107155482
4,Travel & Entertainment Expense,Software,USD,2012,Actuals,951255,838985,872700,624416,919835,1085296,818602,1040585,803190,1158623,611335,941542,10666364
5,R&D Expense,Software,USD,2012,Actuals,4094116,3599297,3213050,2466394,3350416,3973250,3752045,4170217,3524451,4281007,2727155,3711633,42863031
6,Consulting Expense,Software,USD,2012,Actuals,5261471,4215309,3781799,2788120,4656777,5399647,4448901,5654825,4598250,5505410,2908553,4664773,53883835
7,Software/Hardware Expense,Software,USD,2012,Actuals,7549491,6744180,5424173,3818856,5935455,7685036,6661232,8035238,6167182,8233098,4016737,6547629,76818307
8,Marketing Expense,Software,USD,2012,Actuals,1865763,2004386,1667521,1103735,1617994,2316878,1579791,2223673,1869698,2043854,1365202,1696008,21354503
9,Sales,Advertising,USD,2012,Actuals,20003280,24781840,15283846,15883110,19382027,22168441,18562815,29487262,23164947,27658287,14819735,18194791,249390381
10,Cost of Goods Sold,Advertising,USD,2012,Actuals,9353324,11513937,6166965,7501106,8496461,9798685,8555070,14039373,11551839,13628227,7257645,9083320,116945952
11,Commissions Expense,Advertising,USD,2012,Actuals,941821,1002323,746736,764074,808144,1061422,808354,1421840,950267,1278394,675574,772637,11231586
12,Payroll Expense,Advertising,USD,2012,Actuals,2496366,2697904,1679239,1918713,2215557,2480892,2182363,3410389,2427536,3305300,1808374,2032444,28655077
13,Travel & Entertainment Expense,Advertising,USD,2012,Actuals,212638,297458,167930,194736,235827,260283,221103,348081,260895,321588,172652,185865,2879056
14,R&D Expense,Advertising,USD,2012,Actuals,977169,1029549,674412,792920,900465,993534,884213,1430413,1146956,1115640,638663,822644,11406578
15,Consulting Expense,Advertising,USD,2012,Actuals,1176605,1291439,934063,937518,1139418,1356373,1140096,1606577,1429418,1399794,752770,1078181,14242252
16,Software/Hardware Expense,Advertising,USD,2012,Actuals,1729022,2125980,1266805,1181160,1678429,1922968,1563338,2266251,1651944,2138006,1069556,1550361,20143820
17,Marketing Expense,Advertising,USD,2012,Actuals,477650,500810,350137,390161,444748,502205,401191,701616,517674,616922,308776,393674,5605564
18,Sales,Hardware,USD,2012,Actuals,32732641,30564270,26200879,19589169,29460681,36626119,23976969,34401806,29555277,31473223,17015251,31427367,343023652
19,Cost of Goods Sold,Hardware,USD,2012,Actuals,15174996,13026257,11675693,8655251,12015866,15700152,9675687,16111034,12007211,15679125,7771569,15258373,152751214
20,Commissions Expense,Hardware,USD,2012,Actuals,1365874,1359525,1296743,900105,1331847,1564129,1063724,1612959,1338743,1378721,751229,1417137,15380736
21,Payroll Expense,Hardware,USD,2012,Actuals,3625840,3423587,2865530,2430054,3605303,4252053,2644538,4099242,3376769,3479104,2018487,3638336,39458843
22,Travel & Entertainment Expense,Hardware,USD,2012,Actuals,404102,338689,289410,231627,322868,401363,253582,412988,347606,391065,171970,374266,3939536
23,R&D Expense,Hardware,USD,2012,Actuals,1468035,1483124,1094520,937432,1284439,1598284,1152053,1525329,1197635,1277358,816086,1391966,15226261
24,Consulting Expense,Hardware,USD,2012,Actuals,1854144,1664382,1580339,1211392,1625464,2017618,1472986,2012637,1767868,1608184,917113,1651075,19383202
25,Software/Hardware Expense,Hardware,USD,2012,Actuals,2454740,2246414,1920131,1538618,2459096,2690767,1781975,2592510,2077955,2418669,1334326,2275474,25790675
26,Marketing Expense,Hardware,USD,2012,Actuals,713163,741500,638160,461044,641726,906407,538307,792272,631951,774552,424464,689907,7953453
27,Sales,Software,USD,2013,Actuals,62935397,53925189,89800765,73182364,88898687,56531656,81928853,83883692,90835513,84696571,85024906,53288399,904931992
28,Cost of Goods Sold,Software,USD,2013,Actuals,26494815,22903069,40456195,34006729,42423953,27409059,33775125,36687036,41042906,39247829,36978094,21932570,403357380
29,Commissions Expense,Software,USD,2013,Actuals,2701354,2292513,4003886,3480213,3751958,2276949,3831128,4053567,3723927,3646419,3875350,2193320,39830584
30,Payroll Expense,Software,USD,2013,Actuals,6903529,6040881,8999879,8859167,10315340,7009597,9729627,9388096,9421268,9764483,10104336,6025217,102561420
31,Travel & Entertainment Expense,Software,USD,2013,Actuals,742125,668336,1090282,779994,1061114,574730,914148,937664,1118700,991515,891952,622578,10393138
32,R&D Expense,Software,USD,2013,Actuals,3004974,2247412,4038201,3194257,3781884,2691195,3732122,3946945,3769268,3631690,3939592,2301656,40279196
33,Consulting Expense,Software,USD,2013,Actuals,3635465,3045416,4995746,4388934,4835074,3428760,5056752,4859658,5233669,5103815,4679973,2916323,52179585
34,Software/Hardware Expense,Software,USD,2013,Actuals,4463301,4126173,7142092,5237047,7122613,4230019,6296385,6393165,7603663,6983409,6504510,4278920,70381297
35,Marketing Expense,Software,USD,2013,Actuals,1338399,1226506,1878316,1692980,1813241,1153027,1971506,1867620,2234011,1784085,1901804,1094887,19956382
36,Sales,Advertising,USD,2013,Actuals,15104495,15638305,26940230,18295591,24002645,11871648,23759367,23487434,20892168,25408971,17004981,10657680,233063515
37,Cost of Goods Sold,Advertising,USD,2013,Actuals,6922154,6719996,11251219,8188535,10753091,5620387,11674472,9402231,9847130,10592169,8170720,4761146,103903250
38,Commissions Expense,Advertising,USD,2013,Actuals,744189,684446,1135391,740206,1056537,587577,1154625,1015469,919043,1130498,705547,447074,10320602
39,Payroll Expense,Advertising,USD,2013,Actuals,1820008,1643381,3339938,2236128,2909989,1461544,2630917,2736210,2555554,2554023,1729230,1183866,26800788
40,Travel & Entertainment Expense,Advertising,USD,2013,Actuals,161575,187636,282811,221047,254049,144005,246538,255904,221757,282216,207965,107626,2573129
41,R&D Expense,Advertising,USD,2013,Actuals,741256,734801,1121189,847064,1076637,581037,1155733,1140205,928524,1022458,732828,507909,10589641
42,Consulting Expense,Advertising,USD,2013,Actuals,938436,936828,1631024,1004574,1256873,602967,1434455,1308212,1228204,1541439,1029014,547052,13459078
43,Software/Hardware Expense,Advertising,USD,2013,Actuals,1135946,1337432,2176367,1388676,1972095,935781,1810962,1913852,1681821,1985257,1268727,853915,18460831
44,Marketing Expense,Advertising,USD,2013,Actuals,323989,329938,540940,428900,480921,296470,569490,545708,522167,517041,375439,255120,5186123
45,Sales,Hardware,USD,2013,Actuals,19509973,17256060,30532260,29272946,29336567,20351396,28675099,33553477,34517495,26255937,30608966,18118056,317988232
46,Cost of Goods Sold,Hardware,USD,2013,Actuals,8150515,8450170,14161620,11982699,14251244,9764566,13601224,16479944,15769647,11713786,13808185,7671352,145804952
47,Commissions Expense,Hardware,USD,2013,Actuals,918940,807370,1441691,1189856,1441481,992324,1184148,1395247,1624531,1309585,1271473,888159,14464805
48,Payroll Expense,Hardware,USD,2013,Actuals,1978540,2042733,3640742,3022060,3103005,2469981,3153289,3620396,4017528,2657392,3428688,2234769,35369123
49,Travel & Entertainment Expense,Hardware,USD,2013,Actuals,226737,177057,348448,348912,340324,233884,339323,346782,416320,265196,350713,191961,3585657
50,R&D Expense,Hardware,USD,2013,Actuals,864114,798924,1397111,1424616,1408363,988295,1420613,1550303,1530986,1291985,1244998,880628,14800936
51,Consulting Expense,Hardware,USD,2013,Actuals,985386,1024168,1624588,1566421,1513745,1168867,1433907,1760511,1764055,1576381,1568287,1109268,17095584
52,Software/Hardware Expense,Hardware,USD,2013,Actuals,1643593,1410736,2420767,2153538,2533689,1741008,2146318,2517357,2704417,2028595,2603838,1295382,25199238
53,Marketing Expense,Hardware,USD,2013,Actuals,448703,383620,615643,713736,716076,430361,707885,733111,799880,586058,621736,422427,7179236
54,Sales,Software,USD,2014,Actuals,73003216,67583964,96747422,54707115,53295086,73831265,60633129,67453237,98780894,52687090,71258255,83507400,853488073
55,Cost of Goods Sold,Software,USD,2014,Actuals,35434154,33276599,46411721,25228351,24803966,34794166,25081587,32657990,47301412,23190677,33853415,41071028,403105066
56,Commissions Expense,Software,USD,2014,Actuals,3225544,3006614,4716518,2637046,2192406,3440909,2564854,3195750,4621559,2594599,3474868,3954659,39625326
57,Payroll Expense,Software,USD,2014,Actuals,8214482,6991832,9881604,6021642,5967905,8792535,6362428,7854754,10736101,6185030,8422442,8853593,94284348
58,Travel & Entertainment Expense,Software,USD,2014,Actuals,812381,823867,1084164,547555,657107,785991,693944,790029,1063936,528306,837702,949150,9574132
59,R&D Expense,Software,USD,2014,Actuals,3200785,3236733,4576715,2677342,2564086,3201135,2673923,2759863,4136323,2161622,2908571,3459881,37556979
60,Consulting Expense,Software,USD,2014,Actuals,4510094,4148358,5977214,2757866,2721806,3827683,3316938,3803865,5738434,3196559,3787807,4251787,48038411
61,Software/Hardware Expense,Software,USD,2014,Actuals,5157077,4893590,7177731,4525995,3788018,5727447,5302649,5621094,7901949,4053787,5484871,5860902,65495110
62,Marketing Expense,Software,USD,2014,Actuals,1561407,1626403,2267623,1199024,1272883,1678802,1497786,1414558,2426938,1075041,1500397,1915308,19436170
63,Sales,Advertising,USD,2014,Actuals,18250804,14868472,28056752,14223850,13323772,14766253,16977276,16188777,29634268,11064289,19952311,20041776,217348600
64,Cost of Goods Sold,Advertising,USD,2014,Actuals,7843283,6796938,12240526,6869228,5372673,6236231,7200608,6556026,13129869,4676077,9364018,9803799,96089276
65,Commissions Expense,Advertising,USD,2014,Actuals,883645,676768,1122338,683326,609325,684846,753131,685580,1414587,442590,979960,943903,9879999
66,Payroll Expense,Advertising,USD,2014,Actuals,2008709,1487720,3285627,1508088,1391093,1775032,2004898,1838656,3448390,1361565,2442401,2495975,25048154
67,Travel & Entertainment Expense,Advertising,USD,2014,Actuals,219648,183425,341821,173916,154994,154234,197334,175394,313187,112737,237479,203441,2467610
68,R&D Expense,Advertising,USD,2014,Actuals,878705,691557,1382445,644432,585524,704915,777313,745066,1466348,520870,799241,926859,10123275
69,Consulting Expense,Advertising,USD,2014,Actuals,1101772,896778,1443616,741177,698199,899590,965921,952907,1522010,581521,1167492,1042503,12013486
70,Software/Hardware Expense,Advertising,USD,2014,Actuals,1592251,1260716,2347593,1012501,1124904,1261974,1354606,1335325,2087610,780627,1615540,1677444,17451091
71,Marketing Expense,Advertising,USD,2014,Actuals,451604,299487,598692,290908,275494,315325,362086,403555,723809,246577,423325,404866,4795728
72,Sales,Hardware,USD,2014,Actuals,25551126,27033586,35796546,18053348,17054428,27317568,18796270,20235971,32597695,20547965,28503302,33402960,304890765
73,Cost of Goods Sold,Hardware,USD,2014,Actuals,12281785,11806223,16195590,8716303,7594755,12346026,8571654,8792279,13697258,9660014,12192298,13616846,135471031
74,Commissions Expense,Hardware,USD,2014,Actuals,1071411,1096480,1629789,758301,754325,1304916,823868,817673,1590942,938741,1163913,1561563,13511922
75,Payroll Expense,Hardware,USD,2014,Actuals,2862315,2916140,3680507,2237785,2017248,2969483,1933361,2483806,3462148,2092959,3143791,3950404,33749947
76,Travel & Entertainment Expense,Hardware,USD,2014,Actuals,295032,281721,360010,215094,177449,277921,210549,251945,394839,241749,339129,403062,3448500
77,R&D Expense,Hardware,USD,2014,Actuals,1184703,1206612,1706514,787069,719494,1217784,802138,1010960,1342224,929984,1347763,1538947,13794192
78,Consulting Expense,Hardware,USD,2014,Actuals,1396550,1412122,1960177,1021805,1016393,1460281,1158758,1212490,1926307,1095283,1655140,2087346,17402652
79,Software/Hardware Expense,Hardware,USD,2014,Actuals,2055703,1910219,2832136,1380565,1364825,2260644,1615169,1655450,2372522,1789944,2194746,2825224,24257147
80,Marketing Expense,Hardware,USD,2014,Actuals,551509,553460,858779,444914,346671,561327,421945,459673,699116,436835,646474,790325,6771028
81,Sales,Software,USD,2015,Actuals,56564696,53003500,57123654,51517884,86240365,83822589,99534990,56551959,75595351,87960046,75992432,87753553,871661019
82,Cost of Goods Sold,Software,USD,2015,Actuals,26025524,24023570,23452691,24109262,38340811,34138458,48369463,26510883,31307040,36132005,37770955,35668763,385849425
83,Commissions Expense,Software,USD,2015,Actuals,2693681,2344026,2342553,2075015,3959339,3442089,4021826,2656419,3439053,3864192,3553160,4368917,38760270
84,Payroll Expense,Software,USD,2015,Actuals,6107421,5810585,7021257,6051373,10773242,9081939,10994327,6548834,7861085,9613130,9183322,9278911,98325426
85,Travel & Entertainment Expense,Software,USD,2015,Actuals,587893,545279,588026,545095,985449,855026,1098610,701066,809897,1016017,880356,987089,9599803
86,R&D Expense,Software,USD,2015,Actuals,2724738,2462961,2377917,2391429,4192334,3632483,3981861,2692169,3621911,3866225,3114375,3960801,39019204
87,Consulting Expense,Software,USD,2015,Actuals,3196353,3030650,3299636,2687879,5147180,4667697,5350859,3211296,4194381,5144107,3882597,4467813,48280448
88,Software/Hardware Expense,Software,USD,2015,Actuals,4765178,3830881,4742612,4411760,7247016,7070792,7460187,4155646,6058210,6830492,5760591,7218683,69552048
89,Marketing Expense,Software,USD,2015,Actuals,1373322,1152623,1366324,1216887,1771647,1846409,2254182,1313623,1753534,1859575,1782794,2038375,19729295
90,Sales,Advertising,USD,2015,Actuals,13575527,13250875,12567204,11849113,17248073,22632099,29860497,11875911,21166698,21110411,18998108,20183317,214317833
91,Cost of Goods Sold,Advertising,USD,2015,Actuals,6729976,6401417,5214635,5538678,8186261,10063433,14362489,5530666,10502083,10387292,7767663,9444026,100128619
92,Commissions Expense,Advertising,USD,2015,Actuals,573757,581423,551830,577052,788385,946266,1320510,513412,965560,992444,880529,838505,9529673
93,Payroll Expense,Advertising,USD,2015,Actuals,1568759,1452547,1515316,1374790,1918417,2647780,3326590,1280946,2625789,2383045,2237769,2381177,24712925
94,Travel & Entertainment Expense,Advertising,USD,2015,Actuals,158356,153332,156029,135853,212057,251822,317201,144379,235638,237761,194390,241255,2438073
95,R&D Expense,Advertising,USD,2015,Actuals,628560,607225,605967,523211,761411,942950,1259315,593077,932114,888540,848637,811089,9402096
96,Consulting Expense,Advertising,USD,2015,Actuals,840546,680213,638286,639841,1072470,1382250,1632544,636013,1152236,1315230,1048976,1063853,12102458
97,Software/Hardware Expense,Advertising,USD,2015,Actuals,1050093,1048268,966784,928678,1460786,1852892,2327627,836034,1595638,1616163,1534232,1707959,16925154
98,Marketing Expense,Advertising,USD,2015,Actuals,275227,327777,292639,286019,377546,453403,714292,263464,517575,425453,389907,456591,4779893
99,Sales,Hardware,USD,2015,Actuals,16969409,20671365,21706989,16485723,33633742,25985003,30855847,22620784,30238140,33424817,28877124,31591279,313060222
100,Cost of Goods Sold,Hardware,USD,2015,Actuals,7450571,10294064,9221253,7725376,13917348,12519321,13571742,9837654,12678165,16340698,12993746,13172331,139722269
101,Commissions Expense,Hardware,USD,2015,Actuals,715290,904129,931252,711157,1659270,1221659,1350283,929404,1347979,1470024,1389785,1287585,13917817
102,Payroll Expense,Hardware,USD,2015,Actuals,1988528,2459353,2709458,2003559,3552022,2709456,3252981,2779126,3172400,3896025,3318030,3813684,35654622
103,Travel & Entertainment Expense,Hardware,USD,2015,Actuals,205282,225837,227747,169757,347847,269530,324152,253011,324488,370035,330614,360629,3408929
104,R&D Expense,Hardware,USD,2015,Actuals,723600,1004867,965808,689206,1499915,1141605,1507171,1075555,1237536,1515831,1394273,1442698,14198065
105,Consulting Expense,Hardware,USD,2015,Actuals,1017910,1145770,1136471,873995,1914496,1546855,1592349,1318910,1733965,2010672,1596932,1693505,17581830
106,Software/Hardware Expense,Hardware,USD,2015,Actuals,1206195,1591750,1622068,1226905,2863033,2160356,2268443,1907784,2503681,2409168,2141293,2275942,24176618
107,Marketing Expense,Hardware,USD,2015,Actuals,361779,465522,435154,387703,771709,598031,742056,491851,630665,803064,602653,683941,6974128
108,Sales,Software,USD,2016,Actuals,81655883,83561516,61969697,63610791,86214061,90524362,96670862,98454552,87844733,87853084,51372015,84700526,974432082
109,Cost of Goods Sold,Software,USD,2016,Actuals,38152005,36699482,26110465,26145811,40139858,39539223,44836102,40988911,41450728,39579231,22047375,40435685,436124876
110,Commissions Expense,Software,USD,2016,Actuals,3341830,3367712,3012406,2916215,3678680,4445902,4606371,4440472,3909828,3623312,2189989,3526159,43058876
111,Payroll Expense,Software,USD,2016,Actuals,8921600,9786168,7486614,7556025,9181290,9459380,9844151,11206389,9392546,10596859,6122880,9147690,108701592
112,Travel & Entertainment Expense,Software,USD,2016,Actuals,818929,966024,654648,664349,946095,942468,1062404,1074006,1051917,1038774,587646,958050,10765310
113,R&D Expense,Software,USD,2016,Actuals,3683094,4113810,2921017,2963375,4130479,3623041,4437334,4585982,3983309,3581303,2334662,3982432,44339838
114,Consulting Expense,Software,USD,2016,Actuals,4657393,4809923,3513189,3762203,4709694,4861754,6015899,6024947,4995099,4476716,3081661,4598465,55506943
115,Software/Hardware Expense,Software,USD,2016,Actuals,6635711,6811558,5169120,4461078,6428260,7226569,7271478,7234272,7651080,7315956,4150345,7372199,77727626
116,Marketing Expense,Software,USD,2016,Actuals,1704389,1870382,1528250,1331140,1910352,1853220,2355911,2020196,1806635,2153880,1244194,2026172,21804721
117,Sales,Advertising,USD,2016,Actuals,20413971,18383534,15492424,16538806,17242812,26252065,26101133,26582729,23718078,24598864,12843004,18634116,246801536
118,Cost of Goods Sold,Advertising,USD,2016,Actuals,8524021,8516858,6701327,8243024,8514600,12755210,12071942,12906190,10492468,11272305,6080186,8918973,114997104
119,Commissions Expense,Advertising,USD,2016,Actuals,941449,887985,710304,703199,802703,1110078,1236047,1269614,999276,1060656,634536,754854,11110701
120,Payroll Expense,Advertising,USD,2016,Actuals,2536097,2115231,1737031,1784309,1880938,3062612,2803819,2677425,2631419,2469520,1439108,2142808,27280317
121,Travel & Entertainment Expense,Advertising,USD,2016,Actuals,205336,194814,193218,183673,189826,284932,280179,311287,285374,296625,142198,226382,2793844
122,R&D Expense,Advertising,USD,2016,Actuals,851979,905765,710782,775323,798120,1110337,1084014,1222396,1026824,1130889,526140,887310,11029879
123,Consulting Expense,Advertising,USD,2016,Actuals,1231645,1088760,892572,1033128,1048111,1490618,1380862,1524075,1466230,1289535,724095,1163422,14333053
124,Software/Hardware Expense,Advertising,USD,2016,Actuals,1760584,1456013,1085771,1337440,1406326,2265055,1986127,2165067,1996836,1966531,1083014,1464640,19973404
125,Marketing Expense,Advertising,USD,2016,Actuals,487605,439530,319530,366239,365704,593597,645238,588468,508124,492524,271335,390316,5468210
126,Sales,Hardware,USD,2016,Actuals,31845794,30082146,18590909,19719345,31899203,28967796,35768219,34459093,27231867,29870049,16952765,32186200,337573386
127,Cost of Goods Sold,Hardware,USD,2016,Actuals,13200712,12724470,8005672,8313897,13789811,12486225,14967747,16272271,13336587,14070961,7089539,13748549,148006441
128,Commissions Expense,Hardware,USD,2016,Actuals,1382258,1379467,909010,890247,1385535,1190803,1478432,1441730,1319597,1318334,716994,1489139,14901546
129,Payroll Expense,Hardware,USD,2016,Actuals,3529710,3352789,2066872,2137102,3900848,3360650,4456741,4184978,2924927,3047539,1933137,3711354,38606647
130,Travel & Entertainment Expense,Hardware,USD,2016,Actuals,360600,355602,225838,214931,385660,318347,416340,345090,319634,339599,205616,397272,3884529
131,R&D Expense,Hardware,USD,2016,Actuals,1448404,1354372,843964,793282,1336026,1175987,1479244,1546344,1131760,1471727,821928,1349035,14752073
132,Consulting Expense,Hardware,USD,2016,Actuals,1648622,1786593,1136110,1080438,1938602,1649632,1997676,2104863,1516483,1584186,985271,1919097,19347573
133,Software/Hardware Expense,Hardware,USD,2016,Actuals,2309056,2423602,1559611,1703087,2723160,2034072,2704842,2801318,2243456,2327951,1466294,2665088,26961537
134,Marketing Expense,Hardware,USD,2016,Actuals,741378,643670,387401,424256,741907,614784,893758,799193,553098,643339,417847,692029,7552660
135,Sales,Software,USD,2017,Actuals,90594765,64091321,90832224,90566899,61790341,89637185,97015607,57860421,93873947,56762897,74155238,99732691,966913536
136,Cost of Goods Sold,Software,USD,2017,Actuals,39951806,30670039,38962942,38993954,30894645,42444634,47268030,25201882,42405906,26532237,33578994,40232513,437137582
137,Commissions Expense,Software,USD,2017,Actuals,4200214,3202859,3773718,3631480,2998975,3862374,4168148,2328089,4439610,2553968,3433607,4346873,42939915
138,Payroll Expense,Software,USD,2017,Actuals,9773658,7625235,9175082,10606715,7184780,8981143,11594344,6449339,11285602,6584691,8971630,11594872,109827091
139,Travel & Entertainment Expense,Software,USD,2017,Actuals,1011934,681792,964632,1071676,618377,935846,1181022,585603,1064714,640750,863683,1014103,10634132
140,R&D Expense,Software,USD,2017,Actuals,4172768,2645823,4323239,3683650,2610683,3792727,4293112,2846435,4283488,2423797,3357266,4441468,42874456
141,Consulting Expense,Software,USD,2017,Actuals,5202064,3712680,5671365,5347644,3808190,4711668,6016591,3209594,5650365,3478094,4533548,5854118,57195921
142,Software/Hardware Expense,Software,USD,2017,Actuals,6815756,4840574,6818595,6537701,4506878,6673167,7844506,4267450,7389303,4761855,5368585,7437361,73261731
143,Marketing Expense,Software,USD,2017,Actuals,2126102,1571597,1909683,1950375,1267839,2206505,2311953,1337686,2110424,1215239,1688551,2310478,22006432
144,Sales,Advertising,USD,2017,Actuals,21742744,17304657,23616378,26264401,14211778,19720181,19403121,15043709,25345966,11352579,19280362,27925153,241211029
145,Cost of Goods Sold,Advertising,USD,2017,Actuals,9733073,7319150,9538845,10780711,6715269,7919308,9007474,6627053,11225719,5419873,8415726,11619625,104321826
146,Commissions Expense,Advertising,USD,2017,Actuals,997908,722794,1156017,1160645,583037,890851,877624,615771,1070440,566381,923583,1264328,10829379
147,Payroll Expense,Advertising,USD,2017,Actuals,2275216,1900402,2684124,2725657,1725315,2308388,2313499,1869056,2612036,1255719,2164141,3382499,27216052
148,Travel & Entertainment Expense,Advertising,USD,2017,Actuals,241370,201204,254089,316915,155835,207613,207549,168184,254264,130948,192816,345557,2676344
149,R&D Expense,Advertising,USD,2017,Actuals,981507,800779,1036791,1126434,689387,851864,847534,648186,1181485,521786,908073,1316006,10909832
150,Consulting Expense,Advertising,USD,2017,Actuals,1260803,887301,1380264,1318077,739907,1082894,1002999,928770,1457766,689135,1121473,1741924,13611313
151,Software/Hardware Expense,Advertising,USD,2017,Actuals,1775770,1442574,1726011,2270737,1088722,1586631,1464615,1067050,2213537,960228,1352565,2173270,19121710
152,Marketing Expense,Advertising,USD,2017,Actuals,483691,372543,545725,535319,297206,401618,417457,362171,556569,247191,397019,605393,5221902
153,Sales,Hardware,USD,2017,Actuals,35331958,24354702,33607923,36226760,22862426,33165758,38806243,17358126,29100924,19299385,26695886,31914461,348724552
154,Cost of Goods Sold,Hardware,USD,2017,Actuals,14981390,11768480,13481513,15681576,10257861,14264605,19353821,8653531,13737554,7848305,11711526,15747097,157487259
155,Commissions Expense,Hardware,USD,2017,Actuals,1587761,1170710,1624574,1691834,1049741,1359614,1758131,711793,1388918,779205,1144606,1522730,15789617
156,Payroll Expense,Hardware,USD,2017,Actuals,4033118,2804073,4114440,4458834,2464577,3718795,4094125,1938707,3630932,1950807,2705544,3793540,39707492
157,Travel & Entertainment Expense,Hardware,USD,2017,Actuals,398121,274894,376456,391528,237490,368441,448153,216891,307907,218441,324610,329602,3892534
158,R&D Expense,Hardware,USD,2017,Actuals,1635112,1019814,1426689,1679837,1135315,1541375,1814752,836674,1253636,853717,1294484,1425518,15916923
159,Consulting Expense,Hardware,USD,2017,Actuals,1927676,1328400,2069551,1887355,1156009,1784928,2248306,910768,1580888,1158277,1560426,1837473,19450057
160,Software/Hardware Expense,Hardware,USD,2017,Actuals,3044114,1819545,2617322,2755287,1805785,2873587,2847737,1476154,2221842,1549413,2203496,2541935,27756217
161,Marketing Expense,Hardware,USD,2017,Actuals,776342,495765,711063,748765,469993,773003,859144,386918,662455,414101,546738,757113,7601400
162,Sales,Software,USD,2018,Actuals,66435319,60115140,90236987,54994813,77231074,97709573,64318085,79972600,62710249,73998780,82673488,70499145,880895253
163,Cost of Goods Sold,Software,USD,2018,Actuals,27104860,25436907,38384450,23720725,36998377,46943978,31836477,36494840,29353102,35974519,40171071,30494072,402913378
164,Commissions Expense,Software,USD,2018,Actuals,2713289,2643762,4018302,2737615,3424073,4573850,2772432,3672921,2644431,3537843,4098546,3359690,40196754
165,Payroll Expense,Software,USD,2018,Actuals,8280603,6867597,10628214,6468370,8682088,11568082,7856495,8885299,6676267,8373131,8920804,8578713,101785663
166,Travel & Entertainment Expense,Software,USD,2018,Actuals,761347,628778,1073369,560203,871981,1080688,688880,947587,676254,923896,962429,855002,10030414
167,R&D Expense,Software,USD,2018,Actuals,3297070,2664533,3735439,2501090,3836860,4417304,2616145,3898946,2650136,3476472,3736829,3209049,40039873
168,Consulting Expense,Software,USD,2018,Actuals,3652403,3552663,5623204,3054682,4799777,5403494,3641178,4648622,3871484,4221212,4985822,4096376,51550917
169,Software/Hardware Expense,Software,USD,2018,Actuals,5091475,4367071,6833347,4733816,5744222,6903913,4696016,6896595,5081194,5804680,6640954,5266263,68059546
170,Marketing Expense,Software,USD,2018,Actuals,1645124,1278801,2131484,1100717,1826309,2015110,1398743,1918888,1344274,1671309,1653663,1643350,19627772
171,Sales,Advertising,USD,2018,Actuals,16608830,16832239,25266356,10998963,16990836,25404489,14149979,23991780,16304665,19979671,23148577,19739761,229416146
172,Cost of Goods Sold,Advertising,USD,2018,Actuals,8236344,8042610,12117107,4675346,7100562,12588151,6704128,9779210,6610140,8562162,10079814,9396643,103892217
173,Commissions Expense,Advertising,USD,2018,Actuals,766208,784700,1035635,524075,787515,1019983,649211,1055240,806585,868806,1036773,865246,10199977
174,Payroll Expense,Advertising,USD,2018,Actuals,1687861,1908906,3099461,1158181,2113347,3001777,1491212,2710528,1710242,2053307,2397887,2075965,25408674
175,Travel & Entertainment Expense,Advertising,USD,2018,Actuals,178587,177141,265218,116156,182402,286611,172955,254330,201909,219276,272949,226471,2554005
176,R&D Expense,Advertising,USD,2018,Actuals,822885,719356,1228124,506867,775835,1025959,702957,989842,748322,838544,1076008,878808,10313507
177,Consulting Expense,Advertising,USD,2018,Actuals,878445,1015003,1544184,624903,981395,1409322,769986,1360544,823428,1191494,1337302,1224978,13160984
178,Software/Hardware Expense,Advertising,USD,2018,Actuals,1383309,1184231,2046108,895975,1219125,2071773,1049534,1731716,1319856,1570667,1745114,1554713,17772121
179,Marketing Expense,Advertising,USD,2018,Actuals,372008,360544,570065,262663,396364,550129,307493,531975,399869,436804,506081,467366,5161361
180,Sales,Hardware,USD,2018,Actuals,22588008,21641450,27071096,20348081,30120119,31267063,23797691,28790136,23829895,25899573,33069395,26084684,314507191
181,Cost of Goods Sold,Hardware,USD,2018,Actuals,10265791,9595925,12320892,9627717,12962874,13064551,9571992,12221156,11418990,12077910,16179555,10510360,139817713
182,Commissions Expense,Hardware,USD,2018,Actuals,1109715,990616,1310557,982150,1364098,1391285,1187160,1378779,1128203,1221475,1462497,1098303,14624838
183,Payroll Expense,Hardware,USD,2018,Actuals,2815912,2488177,2965661,2283610,3049013,3229385,2723303,3347966,2808206,2898991,3824182,3110761,35545167
184,Travel & Entertainment Expense,Hardware,USD,2018,Actuals,277101,268307,300695,226664,330688,356708,270129,330116,264694,268441,394967,294530,3583040
185,R&D Expense,Hardware,USD,2018,Actuals,1046413,1064705,1317015,983951,1474255,1337033,1172106,1205747,1043533,1076071,1635486,1206801,14563116
186,Consulting Expense,Hardware,USD,2018,Actuals,1137395,1145692,1437771,1170661,1752088,1811436,1373270,1462352,1439071,1542875,1812241,1339934,17424786
187,Software/Hardware Expense,Hardware,USD,2018,Actuals,1730428,1612677,2147516,1745476,2269548,2465032,1914360,2183078,1990329,1869047,2468988,1921595,24318074
188,Marketing Expense,Hardware,USD,2018,Actuals,549275,522414,595592,499668,604911,719662,588651,600730,590466,576820,783592,563187,7194968
189,Sales,Software,USD,2019,Actuals,93925775,74821680,85600673,76646440,79863817,55912270,79685077,75122784,67143263,86159862,76968833,69967979,921818453
190,Cost of Goods Sold,Software,USD,2019,Actuals,44392971,32181042,35760851,35264635,35248824,23149330,34752454,34860156,27438935,39136737,31245199,30213783,403644917
191,Commissions Expense,Software,USD,2019,Actuals,4343758,3359430,3895028,3677401,3875744,2739844,3745877,3435719,3318784,3556874,3543487,3170203,42662149
192,Payroll Expense,Software,USD,2019,Actuals,10410570,7492567,9830922,8236178,9111360,5732127,9582968,8080224,8219184,8720852,8289269,7400943,101107164
193,Travel & Entertainment Expense,Software,USD,2019,Actuals,1013731,791949,1022834,918382,840954,561209,939529,768568,832059,975463,913816,775184,10353678
194,R&D Expense,Software,USD,2019,Actuals,4644817,3595006,3948370,3595290,3639614,2496842,3301698,3520724,2763529,4269633,3402942,3029013,42207478
195,Consulting Expense,Software,USD,2019,Actuals,4979698,4435793,4778009,4754163,4664933,2931067,4639082,3992375,3635430,4790506,3919710,3675104,51195870
196,Software/Hardware Expense,Software,USD,2019,Actuals,7407369,6226870,7033820,6283426,6682029,4138949,5590768,5268218,4841180,6750935,6303933,5630389,72157886
197,Marketing Expense,Software,USD,2019,Actuals,1956457,1720137,2128417,1672934,1630486,1155823,1933737,1641920,1480543,1809342,1570718,1633705,20334219
198,Sales,Advertising,USD,2019,Actuals,20663671,20950070,25680202,22993932,16771402,14537190,22311822,15775785,15442950,18093571,16933143,14693276,224847014
199,Cost of Goods Sold,Advertising,USD,2019,Actuals,8508915,10304746,12517373,9859051,6865712,6772562,8950825,7590684,7132203,7942616,7868673,6027183,100340543
200,Commissions Expense,Advertising,USD,2019,Actuals,907552,996432,1050172,1007411,685653,720826,924673,770345,734261,899147,808478,706131,10211081
201,Payroll Expense,Advertising,USD,2019,Actuals,2448583,2391536,2851891,2338942,1988754,1512300,2373330,1709943,1561720,2224218,2066473,1477534,24945224
202,Travel & Entertainment Expense,Advertising,USD,2019,Actuals,232296,221176,259024,239313,173459,145469,276387,181197,167260,199198,173160,156797,2424736
203,R&D Expense,Advertising,USD,2019,Actuals,896638,945985,1072491,1138580,765907,590365,926585,715140,691264,778336,702619,644524,9868434
204,Consulting Expense,Advertising,USD,2019,Actuals,1036658,1191081,1453675,1419262,938782,763861,1141341,909348,801672,1077622,899513,770599,12403414
205,Software/Hardware Expense,Advertising,USD,2019,Actuals,1662699,1508105,2020361,1703999,1422906,1092346,1924272,1220195,1122540,1320824,1254355,1248757,17501359
206,Marketing Expense,Advertising,USD,2019,Actuals,474519,436767,574482,464102,383468,313859,475888,366084,329879,442129,387635,358088,5006900
207,Sales,Hardware,USD,2019,Actuals,34752537,24691154,25680202,26826254,27952336,21246663,26296075,23288063,24843007,31017550,23090650,22389753,312074244
208,Cost of Goods Sold,Hardware,USD,2019,Actuals,14132859,11727435,12222578,13093645,11370112,9026733,12160565,10002285,11921132,14296442,9686848,9711164,139351798
209,Commissions Expense,Hardware,USD,2019,Actuals,1463871,1024242,1101040,1272176,1358858,1043087,1221437,1026974,1116490,1526346,982952,906448,14043921
210,Payroll Expense,Hardware,USD,2019,Actuals,4043986,3022354,2798525,3154983,3444409,2213428,2708520,2339885,2643065,3522777,2616321,2740005,35248258
211,Travel & Entertainment Expense,Hardware,USD,2019,Actuals,381615,267722,278956,268977,338877,238395,279772,248213,268330,320068,282749,231541,3405215
212,R&D Expense,Hardware,USD,2019,Actuals,1674547,1147043,1157373,1173747,1210176,1017288,1201326,964366,1145590,1406101,1094642,1115642,14307841
213,Consulting Expense,Hardware,USD,2019,Actuals,2111557,1412954,1291124,1397498,1565368,1326379,1622439,1226635,1262100,1748576,1384323,1324557,17673510
214,Software/Hardware Expense,Hardware,USD,2019,Actuals,2621552,2126728,2055611,2208062,2194136,1668825,2109233,1880439,1804729,2534420,1619891,1722891,24546517
215,Marketing Expense,Hardware,USD,2019,Actuals,803681,503961,633831,642450,677962,500671,593208,566165,563553,626673,507695,465617,7085467
216,Sales,Software,USD,2020,Actuals,71093649,69761443,67749499,83659411,50706283,74230386,51880363,58898540,56982904,67960764,58782343,65096491,776802076
217,Cost of Goods Sold,Software,USD,2020,Actuals,34103526,30206863,27470575,34682066,21826243,32436605,23222375,28728685,23629340,28163573,24647818,28092094,337209763
218,Commissions Expense,Software,USD,2020,Actuals,3016900,2897074,2761210,3560904,2517220,3437933,2249876,2890523,2817192,3178807,2858642,2855070,35041351
219,Payroll Expense,Software,USD,2020,Actuals,8603051,8541760,7322344,9801852,5175406,9241021,5986060,6079566,5882738,8279558,7285772,6906703,89105831
220,Travel & Entertainment Expense,Software,USD,2020,Actuals,796316,740890,771325,1023766,537167,840678,627016,672096,687082,827969,652417,684807,8861529
221,R&D Expense,Software,USD,2020,Actuals,3002990,3340409,3004524,3551194,2323218,3371500,2449904,2845127,2572883,3307355,2605638,2647248,35021990
222,Consulting Expense,Software,USD,2020,Actuals,4083940,4181857,4200785,4354377,2601329,4369202,2990522,3089502,3010004,3493197,3343278,3550075,43268068
223,Software/Hardware Expense,Software,USD,2020,Actuals,5003748,5633221,5888134,6870676,4221289,5755164,4216369,4657751,4782116,5305882,4508253,4768388,61610991
224,Marketing Expense,Software,USD,2020,Actuals,1468157,1469241,1405114,1822159,1017235,1738189,1064356,1323706,1303816,1536288,1447553,1519478,17115292
225,Sales,Advertising,USD,2020,Actuals,19906222,18137975,19647355,25097823,10648319,21526812,14526502,16491591,16525042,13592153,14695586,13019298,203814678
226,Cost of Goods Sold,Advertising,USD,2020,Actuals,9592107,9049303,9807183,11464436,4745875,10693878,6229151,7884523,8201633,5539328,6939494,6033112,96180023
227,Commissions Expense,Advertising,USD,2020,Actuals,804051,766774,921681,1085414,463729,1036334,711009,706193,784668,633819,678505,631242,9223419
228,Payroll Expense,Advertising,USD,2020,Actuals,2107365,2071573,2428629,2973881,1174690,2393657,1495456,2058910,1881183,1641870,1587200,1436411,23250825
229,Travel & Entertainment Expense,Advertising,USD,2020,Actuals,211617,211295,229589,270401,122946,258829,176747,187172,194172,161178,149018,141587,2314551
230,R&D Expense,Advertising,USD,2020,Actuals,882849,828192,913737,1198314,519107,889744,625608,818157,764727,613550,625269,540653,9219907
231,Consulting Expense,Advertising,USD,2020,Actuals,1206445,976986,990981,1537362,578191,1230978,824107,991865,928975,794276,738682,726502,11525350
232,Software/Hardware Expense,Advertising,USD,2020,Actuals,1691907,1377291,1682587,2080797,912271,1790551,1201477,1331378,1375724,1029583,1099874,971165,16544605
233,Marketing Expense,Advertising,USD,2020,Actuals,405268,427770,436628,571749,215818,475706,313756,370356,361297,302763,310799,262708,4454618
234,Sales,Hardware,USD,2020,Actuals,23460904,23718891,24389820,26771012,19268388,25238331,19195734,20614489,21083674,24465875,19398173,23434737,271040028
235,Cost of Goods Sold,Hardware,USD,2020,Actuals,11301138,11040566,11385210,12065519,8004994,11169399,8198056,9583888,8854962,10326236,8135464,9435110,119500542
236,Commissions Expense,Hardware,USD,2020,Actuals,1040217,1037564,1012661,1187032,888831,1025650,897572,943461,945482,1126584,946140,985301,12036495
237,Payroll Expense,Hardware,USD,2020,Actuals,2686116,2811436,2564638,3193324,2094388,2712239,2266614,2314678,2597975,3028352,2170564,2619732,31060056
238,Travel & Entertainment Expense,Hardware,USD,2020,Actuals,261109,251233,284032,274954,222389,302896,215682,212824,237617,281077,230799,255866,3030478
239,R&D Expense,Hardware,USD,2020,Actuals,1079788,967463,1074051,1258729,829188,1219308,868457,1002976,929444,984727,895091,998052,12107274
240,Consulting Expense,Hardware,USD,2020,Actuals,1259836,1466091,1329954,1342208,968525,1551135,1060193,1219376,1176567,1460487,1009016,1300408,15143796
241,Software/Hardware Expense,Hardware,USD,2020,Actuals,1761633,2015134,1826370,1914691,1446972,1896300,1597721,1538757,1704116,1897036,1495845,1910300,21004875
242,Marketing Expense,Hardware,USD,2020,Actuals,565050,523149,596925,643179,442670,528793,428292,448126,442125,526927,439699,491968,6076903
243,Sales,Software,USD,2021,Actuals,59639063,63214286,68906761,89830559,68972328,59933044,72743937,88182249,78099559,53303092,86545338,71448927,860819143
244,Cost of Goods Sold,Software,USD,2021,Actuals,23973231,30015539,31134647,40970359,30502322,27410189,31991409,42313803,36050532,22452316,37931056,34824020,389569423
245,Commissions Expense,Software,USD,2021,Actuals,2750475,2995013,3278513,4096853,3074312,2633099,3191085,3613606,3551148,2501128,4117957,2909146,38712335
246,Payroll Expense,Software,USD,2021,Actuals,6051302,6651645,8229415,9866087,7274833,7190572,8102482,10459385,8592628,6623440,9176467,8483908,96702164
247,Travel & Entertainment Expense,Software,USD,2021,Actuals,717745,784976,740504,1034005,808709,686323,731485,990377,910664,637021,1007342,861790,9910941
248,R&D Expense,Software,USD,2021,Actuals,2960261,2719473,2866789,4414681,3351655,2840401,3326958,3812188,3316582,2454320,4133391,3270907,39467606
249,Consulting Expense,Software,USD,2021,Actuals,3649541,3533553,3458216,5592271,4005701,3358984,3687848,4759089,3918876,2669925,4358844,3840200,46833048
250,Software/Hardware Expense,Software,USD,2021,Actuals,4957360,4832819,4998813,7119942,5290282,4874238,5408483,7479531,5546489,4167715,6192072,5068422,65936166
251,Marketing Expense,Software,USD,2021,Actuals,1367303,1548216,1696682,1972953,1689063,1441599,1643564,1883983,1926635,1133926,1930167,1647005,19881096
252,Sales,Advertising,USD,2021,Actuals,11927813,13275000,14470420,24254251,18622529,14383931,15276227,25572852,18743894,14391835,22501788,15718764,209139304
253,Cost of Goods Sold,Advertising,USD,2021,Actuals,5053779,6371606,6108911,11077101,9193559,6219209,7314288,10632631,7663770,5778185,10821067,7450108,93684214
254,Commissions Expense,Advertising,USD,2021,Actuals,492817,565371,708801,1088792,859144,642937,657708,1154461,889947,630696,901973,676420,9269067
255,Payroll Expense,Advertising,USD,2021,Actuals,1386136,1379450,1749461,2801736,2056382,1705969,1684701,2697955,2211580,1544845,2647562,1932499,23798276
256,Travel & Entertainment Expense,Advertising,USD,2021,Actuals,131523,161711,172700,266573,230679,179379,165428,315550,224935,168787,240615,180581,2438461
257,R&D Expense,Advertising,USD,2021,Actuals,538128,661583,625462,1052988,890043,712398,638422,1178248,765041,607327,958441,630264,9258345
258,Consulting Expense,Advertising,USD,2021,Actuals,715824,732141,899514,1234506,1078382,795168,921206,1355263,1118497,885131,1383842,879683,11999157
259,Software/Hardware Expense,Advertising,USD,2021,Actuals,850624,1078967,1072288,1843256,1363107,1086298,1289100,2054031,1505668,1189134,1672064,1353879,16358416
260,Marketing Expense,Advertising,USD,2021,Actuals,256750,303363,358131,533856,456091,307618,377198,633324,439078,327293,523231,381235,4897168
261,Sales,Hardware,USD,2021,Actuals,22066453,20860714,25495502,35932224,22760868,22774557,23278060,32627432,29677832,15990928,32021775,23578146,307064491
262,Cost of Goods Sold,Hardware,USD,2021,Actuals,10194386,8775712,11649875,16904734,10156730,9308845,11485654,13335082,13144907,7121589,14605277,10457408,137140199
263,Commissions Expense,Hardware,USD,2021,Actuals,1020928,962457,1256682,1466447,1128295,1097226,991610,1523961,1263413,756846,1410397,1032096,13910358
264,Payroll Expense,Hardware,USD,2021,Actuals,2444611,2272245,2641782,4039512,2624973,2743062,2434704,4055672,3164216,1753146,3557338,2534072,34265333
265,Travel & Entertainment Expense,Hardware,USD,2021,Actuals,275381,210026,317279,388332,242804,235914,250881,404914,314764,162558,362132,245425,3410410
266,R&D Expense,Hardware,USD,2021,Actuals,982133,1031282,1031427,1571161,1047047,915792,1130410,1332285,1469427,750448,1514250,1098678,13874340
267,Consulting Expense,Hardware,USD,2021,Actuals,1125007,1299618,1392648,2179140,1402417,1417237,1366474,1706626,1557322,802577,1970207,1423960,17643233
268,Software/Hardware Expense,Hardware,USD,2021,Actuals,1892953,1758305,2114471,2948387,1767142,1705036,2010684,2567132,2136189,1232918,2637095,2009167,24779479
269,Marketing Expense,Hardware,USD,2021,Actuals,535336,469896,589539,871134,466384,548868,518774,742349,717617,394682,746161,544340,7145080
270,Sales,Software,USD,2022,Actuals,78338286,58034151,75874351,87725417,84878696,73990027,95372852,83104256,52883151,61528451,91089451,87746916,930566005
271,Cost of Goods Sold,Software,USD,2022,Actuals,32377742,26379976,33823729,41186038,40605218,31555193,46768008,33951735,24520783,24743822,36760421,43815665,416488330
272,Commissions Expense,Software,USD,2022,Actuals,3477740,2612821,3043000,4206639,3635596,3390988,4751711,3385162,2396080,2929053,4196677,3591506,41616973
273,Payroll Expense,Software,USD,2022,Actuals,8777061,5956476,8788853,9995832,8550645,8956466,11183485,8871134,6351611,7670731,9827555,9599585,104529434
274,Travel & Entertainment Expense,Software,USD,2022,Actuals,851217,648182,827626,971146,1009775,865150,1184627,992651,601399,727376,1128223,1000127,10807499
275,R&D Expense,Software,USD,2022,Actuals,3158339,2728823,3421161,4332736,4162923,3139829,4315056,3425707,2305237,2579902,4086474,4146068,41802255
276,Consulting Expense,Software,USD,2022,Actuals,4069215,3519759,4009533,4836632,5257809,4412376,4985773,4979583,2840712,3475369,4584362,4474219,51445342
277,Software/Hardware Expense,Software,USD,2022,Actuals,6585349,4759687,6493370,6546763,6734243,6212732,8195799,6417083,4176227,5193726,6901697,7639360,75856036
278,Marketing Expense,Software,USD,2022,Actuals,1828234,1342350,1751692,2175232,1829981,1789035,1954312,2007974,1094268,1521032,1827984,1900742,21022836
279,Sales,Advertising,USD,2022,Actuals,19584572,14508538,17451101,22808608,21219674,19977307,21935756,24931277,15336114,13536259,26415941,20181791,237886938
280,Cost of Goods Sold,Advertising,USD,2022,Actuals,8362230,6091621,8316059,10159328,8624806,9693159,9579056,9973478,6228310,6023754,10593290,8974298,102619389
281,Commissions Expense,Advertising,USD,2022,Actuals,915086,612941,823113,916944,880691,867181,960417,1047426,623688,675831,1132922,970183,10426423
282,Payroll Expense,Advertising,USD,2022,Actuals,2065945,1474640,2117096,2790604,2540908,2325558,2387390,3056599,1798103,1677834,3256778,2424353,27915808
283,Travel & Entertainment Expense,Advertising,USD,2022,Actuals,240447,157072,183016,241630,239007,238586,266862,274476,188419,144601,275592,214592,2664300
284,R&D Expense,Advertising,USD,2022,Actuals,796397,610923,729783,913075,1012763,882471,1093311,1137735,686706,582618,1127220,876587,10449589
285,Consulting Expense,Advertising,USD,2022,Actuals,1199233,811310,900254,1164976,1151854,1034607,1285049,1518350,866477,705238,1549744,1249787,13436879
286,Software/Hardware Expense,Advertising,USD,2022,Actuals,1445011,1126211,1306570,1839960,1539232,1482785,1588028,1880876,1288625,1107308,2083925,1761373,18449904
287,Marketing Expense,Advertising,USD,2022,Actuals,420494,304699,395657,479567,522262,404189,497618,499475,321370,275373,589065,494276,5204045
288,Sales,Hardware,USD,2022,Actuals,30551932,19731611,24279792,35090167,26312396,25896509,31473041,27424404,21153260,24611380,30059519,30711421,327295432
289,Cost of Goods Sold,Hardware,USD,2022,Actuals,13819091,9286529,10933750,15827962,12543885,11801803,15410493,12281930,8667400,10416735,12874137,15312570,149176285
290,Commissions Expense,Hardware,USD,2022,Actuals,1369961,942250,1067439,1630125,1266063,1202899,1418412,1366956,922278,1025165,1394203,1252426,14858177
291,Payroll Expense,Hardware,USD,2022,Actuals,3344503,2300612,2595976,3778056,3167287,2947517,3546969,2816091,2552955,2506235,3473277,3338330,36367808
292,Travel & Entertainment Expense,Hardware,USD,2022,Actuals,338744,244628,271723,354541,300962,260911,327018,336207,259047,300466,322986,313283,3630516
293,R&D Expense,Hardware,USD,2022,Actuals,1468744,973887,1032242,1717271,1287760,1206283,1470777,1246641,1025992,1104742,1379202,1486638,15400179
294,Consulting Expense,Hardware,USD,2022,Actuals,1633292,1089178,1472323,2057777,1473412,1538962,1683014,1385482,1129867,1300291,1689964,1833600,18287162
295,Software/Hardware Expense,Hardware,USD,2022,Actuals,2276556,1464050,2030413,2759580,2279559,2087858,2509070,2137231,1498973,2006400,2628526,2421145,26099361
296,Marketing Expense,Hardware,USD,2022,Actuals,661654,401978,494551,729508,547250,536085,699474,582080,490459,554075,629658,720295,7047067
